{"version":"2.072","provides":{"IO::Socket::SSL::Intercept":{"version":"2.056","file":"lib/IO/Socket/SSL/Intercept.pm"},"IO::Socket::SSL::OCSP_Cache":{"version":"2.072","file":"lib/IO/Socket/SSL.pm"},"IO::Socket::SSL::SSL_HANDLE":{"version":"2.072","file":"lib/IO/Socket/SSL.pm"},"IO::Socket::SSL":{"file":"lib/IO/Socket/SSL.pm","version":"2.072"},"IO::Socket::SSL::OCSP_Resolver":{"version":"2.072","file":"lib/IO/Socket/SSL.pm"},"IO::Socket::SSL::PublicSuffix":{"file":"lib/IO/Socket/SSL/PublicSuffix.pm"},"IO::Socket::SSL::Session_Cache":{"file":"lib/IO/Socket/SSL.pm","version":"2.072"},"IO::Socket::SSL::Utils":{"version":"2.015","file":"lib/IO/Socket/SSL/Utils.pm"},"IO::Socket::SSL::SSL_Context":{"file":"lib/IO/Socket/SSL.pm","version":"2.072"}},"dist":"IO-Socket-SSL-2.072","name":"IO::Socket::SSL","pathname":"S/SU/SULLR/IO-Socket-SSL-2.072.tar.gz","target":"IO::Socket::SSL"}